story_id,person,pro_cnt,ant_cnt,pro_conf_total,ant_conf_total,mention_total,predicted_type
1,Tokoh-1,4,0,3.229988763409256,1.770011236590745,0.153374233128834,protagonist
1,Tokoh-2,1,0,2.332524776047416,2.667475223952585,0.184049079754601,Protagonist
1,Tokoh-3,3,0,2.5218437910877682,0.47815620891223143,0.0552147239263803,Protagonist
1,Tokoh-4,1,0,0.8346042931070364,0.1653957068929638,0.0184049079754601,Protagonist
2,Tokoh-1,25,0,18.303965156038718,6.696034843961286,10.736196319018406,Protagonist
2,Tokoh-2,27,0,19.739195657610594,7.260804342389408,11.098159509202455,protagonist
2,Tokoh-3,7,0,5.702671704195682,1.2973282958043184,0.7730061349693249,Protagonist
3,Tokoh-1,1,0,2.6173297881443247,3.382670211855675,0.2208588957055212,protagonist
3,Tokoh-3,1,0,0.7374584461837334,0.2625415538162668,0.0061349693251533,Protagonist
3,Tokoh-4,1,0,0.7374584461837334,0.2625415538162668,0.0061349693251533,Protagonist
3,Tokoh-6,1,0,0.7374584461837334,0.2625415538162668,0.0184049079754601,Protagonist
3,Tokoh-7,0,0,0.3251584138620724,0.6748415861379276,0.0061349693251533,Antagonist
3,Tokoh-8,0,0,1.1141864281174756,1.8858135718825244,0.0736196319018402,Antagonist
3,Tokoh-9,0,0,0.4150227217702893,0.5849772782297106,0.0061349693251533,Antagonist
3,Tokoh-10,0,0,0.3281383212815993,0.6718616787184005,0.0061349693251533,Antagonist
4,Tokoh-1,2,0,1.5130462036763839,0.48695379632361674,0.0245398773006134,Protagonist
4,Tokoh-2,12,0,8.206830216246399,6.793169783753603,4.41717791411043,protagonist
4,Tokoh-3,3,0,2.0261282150333217,0.9738717849666783,0.0736196319018402,Protagonist
5,Tokoh-1,3,0,2.4794924383109596,0.520507561689041,0.0736196319018402,Protagonist
5,Tokoh-2,2,0,1.6717021688320162,0.32829783116798417,0.0245398773006134,Protagonist
5,Tokoh-3,5,0,4.002412991193446,0.9975870088065554,0.27607361963190147,protagonist
8,Tokoh-1,25,0,19.40603684967517,5.5939631503248295,4.141104294478527,protagonist
8,Tokoh-2,16,0,12.54507159330022,3.4549284066997816,2.7484662576687104,Protagonist
8,Tokoh-3,1,0,0.6727103820222837,0.3272896179777164,0.0061349693251533,Protagonist
8,Tokoh-4,3,0,2.3648852650608347,0.6351147349391657,0.1472392638036807,Protagonist
8,Tokoh-5,3,0,2.2300038381507603,0.7699961618492398,0.0920245398773004,Protagonist
8,Tokoh-6,1,0,0.8742724373114212,0.1257275626885786,0.0061349693251533,Protagonist
8,Tokoh-7,3,0,2.2981678876577063,0.7018321123422945,0.0736196319018402,Protagonist
8,Tokoh-8,1,0,0.8806809640266507,0.1193190359733493,0.0061349693251533,Protagonist
8,Tokoh-9,0,0,0.4293840441770415,0.5706159558229585,0.0061349693251533,Antagonist
8,Tokoh-10,2,0,1.6186814362403623,0.3813185637596379,0.0245398773006134,Protagonist
9,Tokoh-1,24,0,16.827309361674136,11.172690638325866,10.650306748466258,protagonist
9,Tokoh-2,17,0,13.472768916215655,7.527231083784346,4.122699386503066,Protagonist
10,Tokoh-1,6,0,4.252101104259755,1.7478988957402464,0.4049079754601226,Protagonist
10,Tokoh-2,14,0,11.134421584228246,2.865578415771756,1.2024539877300608,protagonist
10,Tokoh-3,10,0,7.306783565066814,2.693216434933186,1.165644171779141,Protagonist
10,Tokoh-4,2,0,1.517649949482652,0.4823500505173487,0.0613496932515336,Protagonist
10,Tokoh-5,3,0,2.3718219811083556,0.628178018891645,0.0552147239263803,Protagonist
10,Tokoh-6,2,0,1.6981043701225793,0.30189562987742113,0.0368098159509202,Protagonist
10,Tokoh-7,2,0,1.6814146738041194,0.3185853261958812,0.0368098159509202,Protagonist
10,Tokoh-8,2,0,1.6981043701225793,0.30189562987742113,0.0245398773006134,Protagonist
10,Tokoh-9,4,0,3.2185532725994017,0.7814467274005987,0.1472392638036808,Protagonist
10,Tokoh-10,2,0,1.694330130338411,0.30566986966158927,0.0368098159509202,Protagonist
11,Tokoh-1,17,0,12.607316402593497,5.392683597406506,3.865030674846626,protagonist
11,Tokoh-2,15,0,10.649581050669873,7.350418949330129,2.650306748466258,Protagonist
11,Tokoh-3,11,0,8.163924391715675,2.8360756082843266,0.9447852760736192,Protagonist
11,Tokoh-4,6,0,4.3146527274734945,1.6853472725265068,0.2944785276073614,Protagonist
11,Tokoh-5,7,0,5.204124800447906,1.7958751995520947,0.3865030674846621,Protagonist
11,Tokoh-6,2,0,1.67101711786428,0.3289828821357201,0.0368098159509202,Protagonist
11,Tokoh-7,1,0,0.8727341410490692,0.1272658589509309,0.0061349693251533,Protagonist
11,Tokoh-9,8,0,5.240904359685333,2.759095640314669,1.4233128834355824,Protagonist
12,Tokoh-1,12,0,10.031053915088513,2.968946084911487,1.1963190184049077,Protagonist
12,Tokoh-2,3,0,2.345794970976336,0.6542050290236645,0.0920245398773004,Protagonist
12,Tokoh-3,61,0,48.71786996556797,15.282130034432027,64.0,protagonist
12,Tokoh-4,25,0,21.296413199275573,4.703586800724429,9.411042944785276,Protagonist
12,Tokoh-5,8,0,6.462743830329837,1.5372561696701643,0.6871165644171776,Protagonist
12,Tokoh-6,1,0,0.8371631581867218,0.1628368418132783,0.0061349693251533,Protagonist
12,Tokoh-7,9,0,6.453407469321486,3.546592530678515,1.042944785276073,Protagonist
12,Tokoh-8,2,0,1.4597959490865975,0.5402040509134028,0.0245398773006134,Protagonist
12,Tokoh-9,4,0,3.2182618634059064,0.7817381365940936,0.1963190184049076,Protagonist
12,Tokoh-10,2,0,1.8528160711613413,0.1471839288386589,0.0245398773006134,Protagonist
12,Tokoh-11,17,0,13.323364671856401,3.6766353281436,2.2944785276073616,Protagonist
12,Tokoh-12,17,0,13.373250436874855,5.626749563125145,4.54601226993865,Protagonist
12,Tokoh-13,4,0,3.965837912719536,2.034162087280464,0.2208588957055212,Protagonist
12,Tokoh-14,2,0,1.5442687772448824,0.4557312227551181,0.0245398773006134,Protagonist
12,Tokoh-15,15,0,11.247318067937135,3.7526819320628664,1.6564417177914104,Protagonist
12,Tokoh-16,23,0,19.146537311864815,4.853462688135188,5.300613496932513,Protagonist
12,Tokoh-17,1,0,0.9586478635625884,0.0413521364374116,0.0061349693251533,Protagonist
12,Tokoh-19,3,0,2.0134342434831027,0.9865657565168979,0.0552147239263803,Protagonist
12,Tokoh-20,5,0,4.605253367811614,1.3947466321883861,0.5889570552147234,Protagonist
12,Tokoh-21,8,0,6.527717162395176,1.4722828376048245,0.4417177914110424,Protagonist
12,Tokoh-22,8,0,6.341521800606337,1.658478199393665,0.6871165644171776,Protagonist
12,Tokoh-23,7,0,5.452072924737734,1.5479270752622671,0.6441717791411041,Protagonist
12,Tokoh-24,0,0,0.3957335954771549,0.6042664045228451,0.0061349693251533,Antagonist
12,Tokoh-25,0,0,0.3367663854890289,0.6632336145109712,0.0061349693251533,Antagonist
13,Tokoh-1,7,0,7.272408997022902,4.7275910029771,1.6932515337423313,protagonist
13,Tokoh-2,1,0,2.0336214628460323,2.966378537153968,0.153374233128834,Protagonist
13,Tokoh-3,4,0,2.8857384073257295,1.1142615926742712,0.1472392638036808,Protagonist
13,Tokoh-4,5,0,3.3907328676658617,1.6092671323341392,0.153374233128834,Protagonist
13,Tokoh-6,0,0,0.1900499542240245,0.8099500457759757,0.0061349693251533,Antagonist
14,Tokoh-1,6,0,3.50971580904132,2.4902841909586813,0.2944785276073614,Protagonist
14,Tokoh-2,17,0,12.159542907105681,5.840457092894322,2.4294478527607355,protagonist
14,Tokoh-3,3,0,2.179556243666148,1.820443756333853,0.0981595092024536,Protagonist
14,Tokoh-4,9,0,5.83725396922528,3.1627460307747213,1.2147239263803677,Protagonist
14,Tokoh-5,9,0,6.011490639174848,2.9885093608251543,0.49693251533742266,Protagonist
15,Tokoh-1,2,0,1.5072361699037287,0.4927638300962718,0.0245398773006134,Protagonist
15,Tokoh-2,6,0,4.745403594749185,2.254596405250817,0.3006134969325152,Protagonist
15,Tokoh-3,7,0,5.443800397738731,1.5561996022612699,0.3435582822085883,protagonist
16,Tokoh-1,14,0,10.121969042859979,4.878030957140024,0.0,protagonist
16,Tokoh-3,2,0,1.6448730772107805,0.3551269227892197,0.0,Protagonist
16,Tokoh-4,1,0,0.9511051584636244,0.0488948415363757,0.0,Protagonist
16,Tokoh-5,2,0,1.3880513747061332,0.6119486252938675,0.0,Protagonist
16,Tokoh-6,5,0,3.395767271328644,1.6042327286713571,0.0,Protagonist
16,Tokoh-7,8,0,5.617747616683792,3.382252383316211,0.0,Protagonist
16,Tokoh-8,1,0,0.736508598487609,0.263491401512391,0.0,Protagonist
17,Tokoh-1,42,0,28.899840236669597,14.100159763330424,0.0,protagonist
17,Tokoh-2,5,0,3.495057729074387,1.5049422709256133,0.0,Protagonist
17,Tokoh-3,17,0,11.347763904834082,5.6522360951659305,0.2085889570552139,Protagonist
17,Tokoh-4,2,0,1.335031047627539,0.6649689523724625,0.0,Protagonist
17,Tokoh-5,7,0,4.672608666696387,2.3273913333036185,0.0,Protagonist
17,Tokoh-6,2,0,1.335031047627539,0.6649689523724625,0.0,Protagonist
17,Tokoh-7,1,0,0.6675155238137696,0.3324844761862312,0.0,Protagonist
17,Tokoh-8,4,0,2.670062095255078,1.329937904744925,0.0,Protagonist
18,Tokoh-2,1,0,0.962798636652659,0.037201363347341,0.0,Protagonist
18,Tokoh-3,2,0,1.8287578836655196,0.1712421163344805,0.0,Protagonist
18,Tokoh-4,2,0,1.4690033221253547,0.5309966778746452,0.0,Protagonist
18,Tokoh-5,12,0,9.702685099268328,2.2973149007316755,0.0,protagonist
18,Tokoh-6,1,0,0.7463671893679166,0.2536328106320839,0.0,Protagonist
18,Tokoh-7,4,0,3.2263379855778322,0.7736620144221682,0.0,Protagonist
18,Tokoh-8,4,0,3.343458717491657,0.6565412825083442,0.0,Protagonist
18,Tokoh-9,2,0,1.810782728325327,0.1892172716746732,0.0,Protagonist
18,Tokoh-11,3,0,2.433796329985464,0.5662036700145369,0.0,Protagonist
20,Tokoh-1,0,0,1.3762182136875771,4.623781786312422,0.0,Antagonist
20,Tokoh-2,0,0,0.42733203806470543,2.5726679619352946,0.0,Antagonist
20,Tokoh-3,0,0,0.0536824709591197,0.9463175290408804,0.0,Antagonist
20,Tokoh-4,0,0,0.0536824709591197,0.9463175290408804,0.0,Antagonist
20,Tokoh-5,0,0,0.0536824709591197,0.9463175290408804,0.0,Antagonist
20,Tokoh-6,0,0,0.3028652854708438,1.6971347145291564,0.0,Antagonist
20,Tokoh-7,0,0,0.3684547630376791,1.631545236962321,0.0,Antagonist
20,Tokoh-8,3,0,3.6520459254764743,6.347954074523526,0.0,Protagonist
20,Tokoh-9,3,0,2.45490253342036,1.5450974665796398,0.0,Protagonist
20,Tokoh-10,2,0,1.619520574029791,1.3804794259702104,0.0,Protagonist
20,Tokoh-11,0,0,0.297782330258806,0.7022176697411939,0.0,Antagonist
20,Tokoh-12,1,0,0.9520050502160216,1.0479949497839793,0.0,Protagonist
20,Tokoh-13,10,0,10.755106146782538,13.244893853217466,0.0,protagonist
20,Tokoh-14,8,0,7.511199265892623,7.488800734107379,0.0,Protagonist
22,Tokoh-1,17,0,11.817478960874702,6.182521039125309,0.0,protagonist
22,Tokoh-2,12,0,8.0604311763387,4.939568823661307,0.0,Protagonist
23,Tokoh-1,23,0,16.59383574512478,10.406164254875232,0.0,protagonist
23,Tokoh-2,17,0,13.212242835105739,8.787757164894272,0.0,Protagonist
23,Tokoh-3,15,0,10.74831261133661,6.251687388663401,0.0,Protagonist
23,Tokoh-4,2,0,1.8532416789783586,2.146758321021643,0.0,Protagonist
26,Tokoh-1,8,0,7.727177639447609,6.272822360552393,0.0,Protagonist
26,Tokoh-2,4,0,3.539020143485955,3.4609798565140455,0.0,Protagonist
26,Tokoh-3,11,0,8.038244814288452,3.9617551857115494,0.0,protagonist
26,Tokoh-4,0,0,0.7281981167409376,1.2718018832590623,0.0,Antagonist
26,Tokoh-5,4,0,3.5819216623888814,3.4180783376111203,0.0,Protagonist
26,Tokoh-6,2,0,1.7361731641012765,0.263826835898724,0.0,Protagonist
27,Tokoh-1,38,0,26.871780159633804,15.128219840366219,0.0,protagonist
27,Tokoh-2,26,0,18.164126826800846,9.835873173199168,0.8588957055214704,Protagonist
27,Tokoh-3,17,0,11.347763904834082,5.6522360951659305,0.0,Protagonist
27,Tokoh-4,5,0,3.3375776190688478,1.6624223809311562,0.0,Protagonist
27,Tokoh-5,6,0,4.191611425182264,1.8083885748177397,0.0,Protagonist
28,Tokoh-1,19,0,15.183947524345633,8.816052475654368,0.1472392638036792,protagonist
28,Tokoh-2,11,0,8.972835369188942,6.0271646308110585,0.0,Protagonist
28,Tokoh-3,3,0,3.401006204515209,2.598993795484791,0.0,Protagonist
28,Tokoh-4,7,0,5.396074571887851,3.6039254281121487,0.0,Protagonist
28,Tokoh-5,0,0,0.4793260625422043,1.5206739374577958,0.0,Antagonist
29,Tokoh-1,19,0,15.309129008633343,10.69087099136666,0.0,protagonist
29,Tokoh-2,15,0,11.575986531400138,6.424013468599865,0.0,Protagonist
30,Tokoh-1,27,0,20.442473339418303,6.5575266605817015,0.0,protagonist
30,Tokoh-2,16,0,12.816813316147758,4.183186683852244,0.0,Protagonist
30,Tokoh-3,7,0,5.5398208374055535,2.460179162594448,0.0,Protagonist
31,Tokoh-1,6,0,5.078674178218013,2.9213258217819877,0.0,protagonist
31,Tokoh-2,4,0,3.921107137640023,2.0788928623599774,0.0,Protagonist
32,Tokoh-1,18,0,12.648575344343284,6.351424655656724,0.0,protagonist
32,Tokoh-2,11,0,7.787473192048514,4.21252680795149,0.0,Protagonist
32,Tokoh-3,2,0,1.335031047627539,0.6649689523724625,0.0,Protagonist
33,Tokoh-1,5,0,3.389814911538943,1.6101850884610585,0.0,protagonist
33,Tokoh-2,5,0,2.971444050371029,2.028555949628971,0.0,Protagonist
34,Tokoh-1,9,0,6.606097828622656,5.393902171377345,0.0,protagonist
34,Tokoh-2,8,0,6.295132362927191,5.70486763707281,0.0,Protagonist
34,Tokoh-3,0,0,0.43633131776309286,1.5636686822369072,0.0,Antagonist
34,Tokoh-4,0,0,0.5153154135285264,1.4846845864714737,0.0,Antagonist
34,Tokoh-5,0,0,0.1727169317371661,0.8272830682628338,0.0,Antagonist
34,Tokoh-6,2,0,1.3293656242177578,0.6706343757822427,0.0,Protagonist
34,Tokoh-7,6,0,4.613816328273692,2.3861836717263083,0.0,Protagonist
34,Tokoh-8,9,0,6.191098446987983,5.808901553012019,0.0,Protagonist
35,Tokoh-1,7,0,5.48496332571407,1.515036674285931,0.0,protagonist
35,Tokoh-2,5,0,4.070278500086576,0.9297214999134249,0.0,Protagonist
35,Tokoh-3,3,0,2.326929831451478,0.6730701685485222,0.0,Protagonist
35,Tokoh-4,4,0,2.944907174485773,1.0550928255142276,0.0,Protagonist
36,Tokoh-1,19,0,13.190494020153707,7.809505979846299,0.0,Protagonist
36,Tokoh-2,4,0,2.994629557432214,1.0053704425677872,0.0,Protagonist
36,Tokoh-3,27,0,19.106404081168026,10.893595918831988,0.0,protagonist
36,Tokoh-6,1,0,0.520347796213136,0.4796522037868639,0.0368098159509202,Protagonist
36,Tokoh-7,1,0,0.520347796213136,0.4796522037868639,0.0,Protagonist
36,Tokoh-8,7,0,5.220738651344706,2.779261348655295,0.0,Protagonist
37,Tokoh-1,19,0,14.003074696896125,8.996925303103877,0.0,protagonist
37,Tokoh-3,7,0,5.213777037767308,1.7862229622326937,0.0,Protagonist
37,Tokoh-9,2,0,1.6528580217033406,0.3471419782966596,0.0,Protagonist
39,Tokoh-1,12,0,8.643267419676377,6.3567325803236265,0.0,Protagonist
39,Tokoh-2,12,0,9.034407088959636,7.965592911040366,0.0,protagonist
39,Tokoh-3,1,0,1.7166405104550342,2.283359489544966,0.0,Protagonist
39,Tokoh-4,0,0,0.6573722392674827,1.3426277607325177,0.0,Antagonist
39,Tokoh-5,1,0,0.9462734376543172,1.0537265623456828,0.0,Protagonist
39,Tokoh-6,0,0,0.2404820451107042,0.7595179548892957,0.0,Antagonist
39,Tokoh-87,9,0,5.980569599256798,3.0194304007432042,0.0,Protagonist
40,Tokoh-1,7,0,5.204856574070332,1.795143425929669,0.0,protagonist
40,Tokoh-2,3,0,2.269367852190821,0.7306321478091793,0.0368098159509201,Protagonist
40,Tokoh-3,1,0,0.9477378914536512,0.0522621085463491,0.0,Protagonist
40,Tokoh-4,1,0,0.9477378914536512,0.0522621085463491,0.0,Protagonist
40,Tokoh-5,1,0,0.9477378914536512,0.0522621085463491,0.0184049079754601,Protagonist
40,Tokoh-6,1,0,0.9680654810564624,0.0319345189435377,0.0,Protagonist
40,Tokoh-7,1,0,0.9680654810564624,0.0319345189435377,0.0,Protagonist
40,Tokoh-8,1,0,0.9680654810564624,0.0319345189435377,0.0,Protagonist
40,Tokoh-9,0,0,0.4734066598547671,0.526593340145233,0.0,Antagonist
40,Tokoh-10,0,0,0.4734066598547671,0.526593340145233,0.0,Antagonist
40,Tokoh-11,5,0,3.9151195722407377,2.0848804277592627,0.0,Protagonist
40,Tokoh-12,4,0,2.6176501677534443,1.3823498322465564,0.0,Protagonist
41,Tokoh-1,11,0,8.672909280299864,2.3270907197001374,0.0,protagonist
41,Tokoh-2,2,0,1.7369157540851798,0.2630842459148202,0.0,Protagonist
41,Tokoh-3,1,0,0.9110170881858326,0.0889829118141673,0.0,Protagonist
41,Tokoh-4,1,0,0.9392456308340082,0.0607543691659918,0.0,Protagonist
41,Tokoh-5,3,0,2.261965363392813,0.7380346366071873,0.0,Protagonist
42,Tokoh-1,37,0,24.692921868070467,12.307078131929558,0.0,Protagonist
42,Tokoh-2,31,0,20.374613997061807,10.625386002938214,0.0,Protagonist
42,Tokoh-3,44,0,29.86639946571049,14.13360053428954,0.0,protagonist
42,Tokoh-4,6,0,4.005093142882617,1.9949068571173874,0.1840490797546008,Protagonist
42,Tokoh-5,8,0,5.340124190510156,2.65987580948985,0.0,Protagonist
42,Tokoh-6,6,0,4.005093142882617,1.9949068571173874,0.0,Protagonist
44,Tokoh-1,4,0,5.195127438825698,3.804872561174303,0.0,Protagonist
44,Tokoh-2,15,0,11.73228411149644,4.267715888503561,0.0,protagonist
44,Tokoh-3,10,0,6.898865318804312,3.1011346811956892,0.061349693251533,Protagonist
44,Tokoh-4,3,0,2.254234081277297,0.7457659187227028,0.0,Protagonist
44,Tokoh-5,0,0,0.8255541597008956,2.1744458402991045,0.0,Antagonist
44,Tokoh-6,2,0,1.6668811805109138,0.33311881948908617,0.0,Protagonist
44,Tokoh-7,6,0,4.606050181296184,1.3939498187038173,0.0,Protagonist
44,Tokoh-8,1,0,0.786223721591234,0.2137762784087662,0.0,Protagonist
44,Tokoh-9,2,0,1.628958507819369,0.371041492180631,0.0,Protagonist
44,Tokoh-10,2,0,2.029319202033855,0.9706807979661447,0.0,Protagonist
44,Tokoh-11,4,0,3.6857714408795013,2.314228559120499,0.0,Protagonist
44,Tokoh-12,1,0,1.3900892230451896,1.6099107769548104,0.0,Protagonist
44,Tokoh-13,2,0,2.069914312231448,0.9300856877685519,0.0,Protagonist
44,Tokoh-14,1,0,0.8611854953212391,0.1388145046787607,0.0,Protagonist
44,Tokoh-15,1,0,0.7827452952341554,0.2172547047658448,0.0,Protagonist
45,Tokoh-1,0,0,0.2774025300583884,0.7225974699416117,0.0,Antagonist
45,Tokoh-2,0,0,0.2774025300583884,0.7225974699416117,0.0,Antagonist
45,Tokoh-3,1,0,0.9706548304507752,0.0293451695492248,0.0,Protagonist
45,Tokoh-4,1,0,0.9706548304507752,0.0293451695492248,0.0,Protagonist
45,Tokoh-5,11,0,8.91935945918745,2.0806405408125492,0.0,Protagonist
45,Tokoh-6,14,0,11.3053333434996,3.6946666565004005,0.0,protagonist
45,Tokoh-7,3,0,2.6134324897780417,2.3865675102219583,0.0920245398773005,Protagonist
45,Tokoh-8,3,0,2.8214302280512014,0.1785697719487981,0.0,Protagonist
45,Tokoh-9,3,0,2.7002618749195073,0.2997381250804924,0.0,Protagonist
45,Tokoh-10,0,0,0.2636433145092855,0.7363566854907145,0.0,Antagonist
45,Tokoh-11,3,0,2.531771944135015,0.46822805586498495,0.0,Protagonist
45,Tokoh-12,2,0,1.5673980734388433,0.4326019265611568,0.0,Protagonist
45,Tokoh-13,1,0,0.8836734609888411,0.1163265390111589,0.0,Protagonist
46,Tokoh-1,4,0,3.3807757256993254,2.619224274300677,0.0,Protagonist
46,Tokoh-3,8,0,5.724408962319242,2.2755910376807633,0.0,Protagonist
46,Tokoh-4,12,0,8.580321114538055,3.4196788854619515,0.0,protagonist
46,Tokoh-5,1,0,0.9301673427850689,0.069832657214931,0.0,Protagonist
46,Tokoh-7,0,0,0.390251974972183,0.6097480250278171,0.0,Antagonist
46,Tokoh-8,3,0,2.4273599624863698,1.5726400375136318,0.0,Protagonist
46,Tokoh-9,5,0,3.6580147366112605,2.341985263388743,0.0,Protagonist
46,Tokoh-10,7,0,4.672608666696387,2.3273913333036185,0.0,Protagonist
46,Tokoh-11,1,0,0.6675155238137696,0.3324844761862312,0.0,Protagonist
46,Tokoh-12,6,0,4.005093142882617,1.9949068571173874,0.0,Protagonist
46,Tokoh-14,2,0,1.335031047627539,0.6649689523724625,0.0,Protagonist
47,Tokoh-1,9,0,6.685571467936445,3.314428532063556,0.245398773006134,protagonist
47,Tokoh-4,2,0,1.6974506433050265,0.30254935669497357,0.0,Protagonist
47,Tokoh-5,8,0,5.706378242758259,3.2936217572417417,2.539877300613497,Protagonist
48,Tokoh-1,11,0,9.927894771791022,6.072105228208984,0.0,protagonist
48,Tokoh-2,9,0,8.777620971075804,6.222379028924202,0.0,Protagonist
48,Tokoh-3,5,0,4.139408573746288,2.860591426253716,0.0,Protagonist
48,Tokoh-4,6,0,4.005093142882617,1.9949068571173874,0.0,Protagonist
48,Tokoh-6,6,0,4.005093142882617,1.9949068571173874,0.0,Protagonist
48,Tokoh-8,1,0,1.0782806456481075,1.9217193543518922,0.0,Protagonist
49,Tokoh-1,25,0,17.13650934711529,8.863490652884728,0.0,Protagonist
49,Tokoh-2,32,0,21.863913091494265,11.136086908505755,0.0,protagonist
49,Tokoh-3,2,0,1.4935858851284838,0.5064141148715174,0.0,Protagonist
49,Tokoh-4,5,0,4.185625015041462,2.8143749849585418,0.0,Protagonist
49,Tokoh-5,6,0,4.315705225067521,2.684294774932483,0.0,Protagonist
49,Tokoh-6,1,0,0.6675155238137696,0.3324844761862312,0.0,Protagonist
49,Tokoh-7,2,0,1.335031047627539,0.6649689523724625,0.0,Protagonist
51,Tokoh-1,37,0,24.912051300198712,14.087948699801297,0.0,protagonist
51,Tokoh-2,24,0,18.312625015956165,11.68737498404384,0.0,Protagonist
52,Tokoh-1,5,0,3.205483477395721,2.7945165226042796,0.0,Protagonist
52,Tokoh-2,9,0,5.7588738312838315,3.2411261687161694,0.0,protagonist
52,Tokoh-3,4,0,3.140908816150919,1.8590911838490825,0.0,Protagonist
52,Tokoh-4,6,0,4.068452246928066,1.9315477530719345,0.0,Protagonist
52,Tokoh-5,8,0,6.310283872438156,3.6897161275618453,0.0,Protagonist
52,Tokoh-6,0,0,0.4045439204415543,1.5954560795584456,0.0,Antagonist
53,Tokoh-1,16,0,10.904024768784677,7.095975231215327,0.0,protagonist
53,Tokoh-2,11,0,7.376784848654069,3.6232151513459345,0.0,Protagonist
53,Tokoh-3,0,0,1.0390534971967365,1.9609465028032633,0.0,Antagonist
53,Tokoh-4,9,0,5.999768589442774,3.0002314105572285,0.0,Protagonist
53,Tokoh-5,5,0,3.699369667533253,1.3006303324667496,0.0,Protagonist
53,Tokoh-6,2,0,1.5342829585548128,0.465717041445188,0.0,Protagonist
53,Tokoh-7,1,0,0.879948933260191,0.1200510667398092,0.0,Protagonist
54,Tokoh-1,22,0,15.228184945078501,9.771815054921507,0.0,protagonist
54,Tokoh-2,2,0,1.6278001619884312,0.37219983801156864,0.0,Protagonist
54,Tokoh-3,5,0,3.480778978318006,1.519221021681997,0.0,Protagonist
55,Tokoh-2,11,0,7.1864529442570735,3.8135470557429327,0.0,Protagonist
55,Tokoh-4,8,0,5.190756067373527,3.809243932626474,0.0,Protagonist
55,Tokoh-5,18,0,11.859624011515915,6.140375988484096,0.0,protagonist
55,Tokoh-8,2,0,1.335031047627539,0.6649689523724625,0.0,Protagonist
57,Tokoh-1,18,0,12.594996199610463,5.405003800389545,0.0,protagonist
57,Tokoh-2,11,0,7.9480126352126135,3.0519873647873927,0.0,Protagonist
57,Tokoh-3,3,0,2.2756569905543635,0.7243430094456369,0.0,Protagonist
57,Tokoh-4,2,0,1.6394200640778709,0.3605799359221292,0.0,Protagonist
59,Tokoh-1,5,0,3.5211567817440583,1.4788432182559423,0.0,Protagonist
59,Tokoh-3,1,0,0.8643806163594094,0.1356193836405906,0.0,Protagonist
59,Tokoh-6,5,0,3.2733932200794316,1.7266067799205684,0.184049079754601,Protagonist
59,Tokoh-8,1,0,0.8328319317824305,0.1671680682175696,0.0,Protagonist
59,Tokoh-10,8,0,5.504186590719031,2.495813409280971,0.0,protagonist
60,Tokoh-1,3,0,5.541614730705965,6.458385269294037,0.0,Protagonist
60,Tokoh-2,2,0,4.034935642820773,6.965064357179225,0.0,Protagonist
60,Tokoh-3,0,0,0.9100660399841749,3.089933960015825,0.0,Antagonist
60,Tokoh-4,0,0,1.5169147908871161,3.4830852091128834,0.0,Antagonist
60,Tokoh-5,2,0,3.0065784674296947,3.9934215325703057,0.0,Protagonist
60,Tokoh-6,1,0,1.9881010248940372,3.0118989751059635,0.0,Protagonist
60,Tokoh-7,1,0,2.104033565352512,2.895966434647488,0.0,Protagonist
60,Tokoh-8,6,0,6.74820312459678,6.251796875403221,0.07975460122699289,protagonist
60,Tokoh-10,1,0,0.819493600989744,0.1805063990102561,0.0,Protagonist
61,Tokoh-1,4,0,3.3550108623570916,2.64498913764291,0.0,Protagonist
61,Tokoh-2,15,0,11.6161491975276,7.383850802472411,0.0,Protagonist
61,Tokoh-3,21,0,14.393353974755586,6.6066460252444275,0.0,protagonist
61,Tokoh-4,1,0,0.9744295595392022,1.0255704404607984,0.0,Protagonist
61,Tokoh-5,1,0,0.6554575145639014,0.3445424854360986,0.0,Protagonist
61,Tokoh-6,1,0,0.5518281879009087,0.4481718120990912,0.0,Protagonist
61,Tokoh-7,9,0,6.909775137642699,4.090224862357307,0.0,Protagonist
61,Tokoh-8,2,0,1.335031047627539,0.6649689523724625,0.0,Protagonist
62,Tokoh-1,2,0,2.126837487170457,1.873162512829543,0.0,Protagonist
62,Tokoh-2,1,0,1.616960657996466,1.3830393420035343,0.0,Protagonist
62,Tokoh-3,12,0,8.640654866896421,3.3593451331035804,0.0,protagonist
62,Tokoh-6,7,0,4.787127236678685,2.2128727633213168,0.0,Protagonist
62,Tokoh-7,7,0,5.177533924275345,1.822466075724656,0.0,Protagonist
63,Tokoh-1,12,0,8.626372736509461,3.373627263490543,0.0,Protagonist
63,Tokoh-2,8,0,6.347138196355856,3.6528618036441456,0.0,Protagonist
63,Tokoh-4,13,0,9.795659290884887,4.204340709115117,0.0,protagonist
63,Tokoh-6,4,0,2.87473592853327,1.1252640714667312,0.0,Protagonist
64,Tokoh-1,26,0,18.370255369347653,9.629744630652354,0.0,protagonist
64,Tokoh-2,20,0,14.701390412579272,7.298609587420735,0.0,Protagonist
65,Tokoh-1,13,0,10.329103683369421,7.6708963166305795,0.0,protagonist
65,Tokoh-2,11,0,10.51846989430642,6.48153010569358,0.0,Protagonist
65,Tokoh-3,7,0,4.717977353648339,4.2820226463516615,0.0,Protagonist
65,Tokoh-4,4,0,2.631553145229923,2.3684468547700774,0.0,Protagonist
65,Tokoh-5,1,0,1.070985526191268,0.9290144738087327,0.0,Protagonist
65,Tokoh-6,0,0,0.9046208330936676,2.0953791669063326,0.0,Antagonist
66,Tokoh-1,16,0,10.83685242185327,6.163147578146734,0.0,Protagonist
66,Tokoh-2,18,0,12.967567102012424,6.032432897987579,0.0,protagonist
66,Tokoh-3,7,0,4.490963177632112,2.509036822367889,0.0,Protagonist
67,Tokoh-1,15,0,12.264852376670184,9.735147623329825,0.0,protagonist
67,Tokoh-3,0,0,0.0936824709591197,0.9063175290408804,0.0,Antagonist
67,Tokoh-4,0,0,0.0936824709591197,0.9063175290408804,0.0,Antagonist
67,Tokoh-5,3,0,2.433199825285681,1.5668001747143205,0.0,Protagonist
67,Tokoh-6,2,0,1.4482371408781463,0.5517628591218542,0.0,Protagonist
67,Tokoh-7,13,0,10.35295274712231,6.647047252877698,0.0,Protagonist
67,Tokoh-8,3,0,2.763664864076656,2.236335135923345,0.0,Protagonist
67,Tokoh-9,0,0,0.2268663257852447,0.7731336742147553,0.0,Antagonist
67,Tokoh-10,0,0,0.2936824709591197,0.7063175290408802,0.0,Antagonist
68,Tokoh-1,10,0,7.785688905357865,2.2143110946421367,0.0,protagonist
68,Tokoh-2,1,0,0.8565608158289738,0.1434391841710261,0.0,Protagonist
68,Tokoh-3,3,0,2.4860036985142404,0.5139963014857599,0.0,Protagonist
69,Tokoh-1,19,0,12.819445851065336,7.180554148934674,0.0,protagonist
69,Tokoh-2,18,0,12.738240199659721,6.261759800340288,0.0,Protagonist
69,Tokoh-3,3,0,2.1487131646306885,0.8512868353693124,0.0,Protagonist
69,Tokoh-4,1,0,0.6675155238137696,0.3324844761862312,0.0,Protagonist
69,Tokoh-5,1,0,0.6675155238137696,0.3324844761862312,0.0,Protagonist
69,Tokoh-6,3,0,2.0025465714413087,0.9974534285586937,0.0,Protagonist
70,Tokoh-1,6,0,4.5984393899103635,1.4015606100896383,0.0,Protagonist
70,Tokoh-2,4,0,3.0086417507390575,0.991358249260943,0.0,Protagonist
70,Tokoh-3,9,0,7.24020558793439,3.7597944120656113,0.0,protagonist
70,Tokoh-4,3,0,2.4826611374442304,0.5173388625557701,0.0,Protagonist
70,Tokoh-5,0,0,0.3532319598456437,0.6467680401543562,0.0,Antagonist
70,Tokoh-6,0,0,0.1436824709591197,0.8563175290408802,0.0,Antagonist
70,Tokoh-7,2,0,1.6309755659436078,0.3690244340563922,0.0,Protagonist
71,Tokoh-1,10,0,6.641777717029817,3.358222282970185,0.0,protagonist
71,Tokoh-2,8,0,6.002994379623596,1.997005620376405,0.0,Protagonist
71,Tokoh-3,5,0,4.682970960618823,1.3170290393811777,0.0,Protagonist
71,Tokoh-4,1,0,0.9276205328103196,0.0723794671896805,0.0,Protagonist
71,Tokoh-5,1,0,0.9204377737755216,0.0795622262244784,0.0,Protagonist
71,Tokoh-6,1,0,0.8974273961074896,0.1025726038925105,0.0,Protagonist
71,Tokoh-7,7,0,6.26979142590043,2.7302085740995707,0.0,Protagonist
71,Tokoh-8,1,0,2.020065693789709,1.979934306210291,0.0,Protagonist
71,Tokoh-9,3,0,2.3955483858971505,0.6044516141028501,0.0,Protagonist
71,Tokoh-10,4,0,3.17639698463082,0.8236030153691802,0.0,Protagonist
72,Tokoh-1,21,0,14.522304736703683,7.477695263296327,0.0,protagonist
72,Tokoh-2,7,0,5.038154433293377,2.9618455667066246,0.0,Protagonist
72,Tokoh-3,3,0,2.0025465714413087,0.9974534285586937,0.0,Protagonist
72,Tokoh-5,5,0,3.3375776190688478,1.6624223809311562,0.0,Protagonist
72,Tokoh-6,1,0,1.7085068124599567,2.291493187540044,0.0,Protagonist
73,Tokoh-1,14,0,9.208717621327265,4.791282378672744,0.0,Protagonist
73,Tokoh-2,21,0,14.081970781102356,6.918029218897653,0.0,protagonist
73,Tokoh-3,3,0,2.2728657953041846,0.7271342046958169,0.0,Protagonist
73,Tokoh-4,4,0,3.2181785232747178,0.781821476725283,0.0,Protagonist
73,Tokoh-5,3,0,2.2728657953041846,0.7271342046958169,0.0,Protagonist
73,Tokoh-6,4,0,3.0427138776331746,0.9572861223668274,0.0,Protagonist
74,Tokoh-1,27,0,20.957909027222335,12.042090972777668,0.0,protagonist
74,Tokoh-2,10,0,8.022203268356861,3.9777967316431413,0.0,Protagonist
74,Tokoh-3,13,0,9.723310624873738,6.276689375126265,0.0,Protagonist
74,Tokoh-4,5,0,3.573561800438357,1.4264381995616444,0.0,Protagonist
74,Tokoh-5,0,0,0.8637120775216194,2.136287922478381,0.0,Antagonist
74,Tokoh-6,2,0,2.2878474623708285,2.712152537629172,0.0,Protagonist
76,Tokoh-1,9,0,7.113077862595488,3.8869221374045133,0.0,protagonist
76,Tokoh-4,3,0,2.516183806070046,0.4838161939299541,0.0,Protagonist
76,Tokoh-6,2,0,1.8096542716599413,0.1903457283400588,0.0,Protagonist
76,Tokoh-7,2,0,1.7103281475144776,0.2896718524855228,0.0,Protagonist
76,Tokoh-8,2,0,1.7550344219658327,0.2449655780341676,0.0,Protagonist
76,Tokoh-9,1,0,0.9169257946599622,0.0830742053400379,0.0,Protagonist
76,Tokoh-10,4,0,3.296016946414104,2.7039830535858966,0.0,Protagonist
77,Tokoh-1,6,0,4.992111861147191,2.0078881388528096,0.0,Protagonist
77,Tokoh-2,5,0,4.029151504220936,1.9708484957790657,0.0,Protagonist
77,Tokoh-3,11,0,8.252074378057307,4.747925621942697,0.0,protagonist
77,Tokoh-4,7,0,4.537742472041683,2.4622575279583203,0.0,Protagonist
77,Tokoh-5,5,0,3.374191103784061,1.6258088962159394,0.0,Protagonist
77,Tokoh-6,3,0,2.36415546525199,1.6358445347480108,0.0,Protagonist
80,Tokoh-1,6,0,7.181872276926646,6.818127723073356,0.0,Protagonist
80,Tokoh-2,8,0,8.66646338330518,12.333536616694822,0.0,protagonist
80,Tokoh-4,0,0,0.1155701212043841,0.884429878795616,0.0,Antagonist
80,Tokoh-5,0,0,0.6254334993527109,1.3745665006472891,0.0,Antagonist
80,Tokoh-6,0,0,1.6397445498153251,4.360255450184674,0.0,Antagonist
80,Tokoh-7,0,0,0.9377736647040057,3.0622263352959944,0.0,Antagonist
80,Tokoh-8,8,0,5.8008875953055785,3.199112404694423,0.0,Protagonist
80,Tokoh-9,5,0,4.034864281325033,1.9651357186749672,0.0,Protagonist
80,Tokoh-10,2,0,3.0628138596140206,4.93718614038598,0.0,Protagonist
85,Tokoh-1,20,0,13.750658594969368,6.249341405030637,0.0,Protagonist
85,Tokoh-2,20,0,14.826443779411433,5.173556220588575,0.0,protagonist
86,Tokoh-1,14,0,10.951942186826871,5.048057813173131,0.1963190184049072,Protagonist
86,Tokoh-2,15,0,10.940710252725049,4.059289747274952,0.0,protagonist
86,Tokoh-3,2,0,1.674845666916417,1.325154333083583,0.0,Protagonist
88,Tokoh-1,11,0,8.181568338986324,3.8184316610136815,0.0,Protagonist
88,Tokoh-2,0,0,0.7038357619925961,2.2961642380074037,0.0,Antagonist
88,Tokoh-3,2,0,1.5008017402765192,0.49919825972348153,0.0,Protagonist
88,Tokoh-4,14,0,10.28569089037459,6.7143091096254155,0.0,protagonist
88,Tokoh-5,3,0,2.4934221151686926,1.5065778848313083,0.0,Protagonist
88,Tokoh-6,1,0,0.9193906333485722,1.080609366651428,0.0,Protagonist
88,Tokoh-7,1,0,0.6675155238137696,0.3324844761862312,0.0,Protagonist
88,Tokoh-8,9,0,6.1452639955252115,2.8547360044747947,0.0,Protagonist
93,Tokoh-1,4,0,3.1383823575590477,0.8616176424409536,0.0,Protagonist
93,Tokoh-2,12,0,8.493427710167087,3.506572289832917,0.0,Protagonist
93,Tokoh-3,7,0,5.245600502708942,2.7543994972910597,0.0,Protagonist
93,Tokoh-4,1,0,0.933885242429197,0.066114757570803,0.0,Protagonist
93,Tokoh-5,1,0,0.933885242429197,0.066114757570803,0.0,Protagonist
93,Tokoh-6,13,0,9.48809713569463,3.5119028643053736,0.0,protagonist
93,Tokoh-7,1,0,0.8359302796284395,0.1640697203715606,0.0,Protagonist
93,Tokoh-9,1,0,0.8399046457140937,0.1600953542859063,0.0,Protagonist
93,Tokoh-10,3,0,2.7313928646800743,1.2686071353199262,0.0,Protagonist
93,Tokoh-11,5,0,3.5541769964441006,1.4458230035559023,0.0,Protagonist
93,Tokoh-12,2,0,1.335031047627539,0.6649689523724625,0.0,Protagonist
93,Tokoh-13,1,0,0.6675155238137696,0.3324844761862312,0.0,Protagonist
93,Tokoh-14,1,0,0.6675155238137696,0.3324844761862312,0.0,Protagonist
93,Tokoh-15,2,0,1.335031047627539,0.6649689523724625,0.0,Protagonist
93,Tokoh-16,2,0,1.335031047627539,0.6649689523724625,0.0,Protagonist
93,Tokoh-17,1,0,0.8667509030973028,0.1332490969026972,0.0,Protagonist
93,Tokoh-18,1,0,0.6336865387374089,0.3663134612625914,0.0,Protagonist
94,Tokoh-1,11,0,7.965039898284419,5.034960101715583,0.0,Protagonist
94,Tokoh-2,22,0,17.424173930026576,7.575826069973428,0.0,protagonist
94,Tokoh-3,1,0,0.9412946245572504,0.0587053754427495,0.0,Protagonist
94,Tokoh-4,17,0,12.892564639686524,7.107435360313479,0.0,Protagonist
94,Tokoh-5,2,0,1.8174400844627998,0.1825599155372003,0.0,Protagonist
94,Tokoh-6,0,0,0.2576776684936345,0.7423223315063656,0.0,Antagonist
94,Tokoh-8,2,0,1.6074671944686878,0.39253280553131287,0.0,Protagonist
94,Tokoh-9,2,0,1.5663561503297547,0.4336438496702458,0.0,Protagonist
94,Tokoh-10,2,0,1.748531419814456,0.2514685801855445,0.0,Protagonist
94,Tokoh-11,0,0,0.4438461604495899,0.5561538395504102,0.0,Antagonist
94,Tokoh-12,0,0,0.4438461604495899,0.5561538395504102,0.0,Antagonist
94,Tokoh-13,2,0,1.6831610113780724,0.3168389886219276,0.0,Protagonist
94,Tokoh-14,1,0,0.8332053406304384,0.1667946593695617,0.0,Protagonist
94,Tokoh-15,3,0,2.460485982194449,0.5395140178055509,0.0,Protagonist
94,Tokoh-16,0,0,0.5538997761719492,1.4461002238280507,0.0,Antagonist
95,Tokoh-1,2,0,1.9076017133935972,0.0923982866064027,0.0,protagonist
95,Tokoh-2,2,0,1.9076017133935972,0.0923982866064027,0.0,Protagonist
95,Tokoh-3,2,0,1.9076017133935972,0.0923982866064027,0.0,Protagonist
95,Tokoh-4,2,0,1.575064911948397,0.4249350880516033,0.0122699386503066,Protagonist
95,Tokoh-5,1,0,0.8104964388554942,0.189503561144506,0.0,Protagonist
95,Tokoh-6,1,0,0.6403113900304984,0.3596886099695017,0.0,Protagonist
95,Tokoh-7,1,0,0.8927263740433937,0.1072736259566063,0.0,Protagonist
95,Tokoh-8,1,0,0.918139855625095,0.0818601443749049,0.0,Protagonist
96,Tokoh-1,54,0,38.04216217055495,19.95783782944507,0.0,protagonist
96,Tokoh-2,11,0,8.20024640849824,3.7997535915017613,0.2944785276073608,Protagonist
96,Tokoh-3,9,0,6.288665208703018,2.711334791296988,0.0,Protagonist
96,Tokoh-4,11,0,7.419095618479467,3.58090438152054,0.0,Protagonist
96,Tokoh-5,9,0,5.935191428818789,3.0648085711812163,0.2208588957055206,Protagonist
96,Tokoh-6,0,0,0.317339023166906,0.682660976833094,0.0,Antagonist
96,Tokoh-7,1,0,0.9033288075460604,0.0966711924539397,0.0,Protagonist
96,Tokoh-8,1,0,0.6537371589168041,0.3462628410831959,0.0,Protagonist
96,Tokoh-9,11,0,7.054072797596374,3.945927202403627,0.0,Protagonist
96,Tokoh-10,15,0,10.43183721199039,5.568162788009617,0.2944785276073616,Protagonist
96,Tokoh-11,15,0,10.480016840578307,4.5199831594217,0.0,Protagonist
96,Tokoh-12,11,0,7.571705659835351,3.428294340164656,0.2699386503067474,Protagonist
96,Tokoh-13,1,0,0.8309740100410572,0.1690259899589429,0.0,Protagonist
96,Tokoh-14,3,0,2.0025465714413087,0.9974534285586937,0.0,Protagonist
96,Tokoh-15,12,0,8.010186285765235,3.9898137142347747,0.0,Protagonist
97,Tokoh-1,40,0,28.44008011218894,15.559919887811077,0.0,protagonist
97,Tokoh-2,2,0,1.6106366567205912,0.3893633432794093,0.0,Protagonist
97,Tokoh-3,1,0,0.8416229275095923,0.1583770724904078,0.0,Protagonist
97,Tokoh-4,9,0,5.775063784488718,3.2249362155112857,0.49693251533742266,Protagonist
97,Tokoh-5,2,0,1.335031047627539,0.6649689523724625,0.0,Protagonist
97,Tokoh-6,3,0,2.359699259064608,1.640300740935394,0.0,Protagonist
97,Tokoh-7,1,0,0.6675155238137696,0.3324844761862312,0.0,Protagonist
97,Tokoh-8,3,0,2.0025465714413087,0.9974534285586937,0.38650306748466245,Protagonist
97,Tokoh-9,2,0,1.335031047627539,0.6649689523724625,0.0122699386503066,Protagonist
97,Tokoh-10,2,0,1.335031047627539,0.6649689523724625,0.0,Protagonist
97,Tokoh-11,1,0,0.6675155238137696,0.3324844761862312,0.0,Protagonist
98,Tokoh-1,22,0,15.4342415267084,7.565758473291613,0.0,protagonist
98,Tokoh-2,9,0,6.2890841811677465,3.71091581883226,0.0,Protagonist
98,Tokoh-3,4,0,2.9847224200813347,1.0152775799186662,0.0,Protagonist
98,Tokoh-4,1,0,0.8364791021778126,0.1635208978221876,0.0,Protagonist
98,Tokoh-5,3,0,2.4325518787526197,0.5674481212473812,0.0,Protagonist
98,Tokoh-6,1,0,0.8900374350819006,0.1099625649180995,0.0,Protagonist
98,Tokoh-7,5,0,3.733249046227183,1.2667509537728185,0.0,Protagonist
98,Tokoh-9,2,0,1.335031047627539,0.6649689523724625,0.0,Protagonist
98,Tokoh-10,3,0,2.0025465714413087,0.9974534285586937,0.0,Protagonist
98,Tokoh-11,1,0,0.6675155238137696,0.3324844761862312,0.0,Protagonist
98,Tokoh-12,4,0,2.670062095255078,1.329937904744925,0.0,Protagonist
98,Tokoh-13,15,0,10.012732857206544,4.987267142793469,0.0,Protagonist
98,Tokoh-15,18,0,12.015279428647851,5.984720571352162,0.0,Protagonist
98,Tokoh-16,4,0,2.670062095255078,1.329937904744925,0.0,Protagonist
98,Tokoh-17,8,0,5.340124190510156,2.65987580948985,0.0,Protagonist
98,Tokoh-18,5,0,3.3375776190688478,1.6624223809311562,0.0,Protagonist
98,Tokoh-20,2,0,1.335031047627539,0.6649689523724625,0.0,Protagonist
99,Tokoh-1,28,0,22.07552484152307,5.9244751584769375,0.0,protagonist
99,Tokoh-2,11,0,7.76521962672163,3.2347803732783733,0.0,Protagonist
99,Tokoh-3,2,0,1.747131552149472,0.252868447850528,0.0,Protagonist
99,Tokoh-4,1,0,0.8620199396385779,0.1379800603614221,0.0,Protagonist
99,Tokoh-5,1,0,0.919464213658504,0.0805357863414962,0.0,Protagonist
99,Tokoh-6,2,0,1.7494750675937734,0.2505249324062268,0.0,Protagonist
99,Tokoh-7,1,0,0.980136998849684,0.0198630011503161,0.0,Protagonist
99,Tokoh-8,4,0,3.4981148171785765,0.5018851828214239,0.0,Protagonist
99,Tokoh-9,6,0,5.093005717073166,0.9069942829268349,0.0,Protagonist
99,Tokoh-10,2,0,1.7535799583974045,0.24642004160259562,0.0,Protagonist
99,Tokoh-11,9,0,7.533550885056013,4.46644911494399,0.0,Protagonist
99,Tokoh-12,16,0,11.494168585464857,5.505831414535151,0.0,Protagonist
99,Tokoh-13,19,0,13.394852860254227,5.605147139745785,0.0,Protagonist
99,Tokoh-14,13,0,9.549620438740737,3.45037956125927,3.4294478527607364,Protagonist
99,Tokoh-15,4,0,2.899428740897797,2.100571259102206,0.0306748466257665,Protagonist
99,Tokoh-16,5,0,3.3375776190688478,1.6624223809311562,0.0,Protagonist
101,Tokoh-1,17,0,14.464100674881616,10.53589932511839,0.0,protagonist
101,Tokoh-2,7,0,5.140806201111285,2.859193798888717,0.0,Protagonist
101,Tokoh-3,1,0,1.1870095272184735,1.812990472781527,0.0,Protagonist
101,Tokoh-4,1,0,0.6675155238137696,0.3324844761862312,0.0,Protagonist
102,Tokoh-1,8,0,6.788753787880502,6.2112462121195025,0.0,Protagonist
102,Tokoh-2,0,0,0.9499191457026674,2.0500808542973328,0.0,Antagonist
102,Tokoh-3,11,0,7.621375771110183,4.37862422888982,0.0,protagonist
102,Tokoh-4,1,0,0.9244223494897577,0.0755776505102426,0.0,Protagonist
102,Tokoh-5,7,0,4.90627653050418,2.093723469495824,0.0,Protagonist
102,Tokoh-6,0,0,1.3023977646482434,2.6976022353517566,0.0,Antagonist
105,Tokoh-1,5,0,3.7043517789085616,1.295648221091441,0.0,Protagonist
105,Tokoh-2,81,0,55.66871601616789,25.331283983832158,0.0,protagonist
105,Tokoh-3,1,0,0.8519999246445085,0.1480000753554917,0.0,Protagonist
105,Tokoh-4,6,0,4.931698235835839,1.0683017641641626,0.0,Protagonist
105,Tokoh-5,5,0,3.954525665272145,1.0454743347278557,0.0,Protagonist
105,Tokoh-6,2,0,1.7567080719279065,0.2432919280720942,0.0,Protagonist
105,Tokoh-7,2,0,1.7567080719279065,0.2432919280720942,0.0,Protagonist
105,Tokoh-8,40,0,27.88869355882961,12.111306441170415,0.0,Protagonist
105,Tokoh-9,1,0,0.9139355850923288,0.0860644149076711,0.0,Protagonist
105,Tokoh-10,2,0,1.5675155238137695,0.4324844761862312,0.0,Protagonist
105,Tokoh-11,76,0,51.16120593797104,24.83879406202902,0.0,Protagonist
105,Tokoh-12,9,0,6.257073853708524,2.7429261462914813,0.0,Protagonist
105,Tokoh-13,2,0,1.335031047627539,0.6649689523724625,0.0,Protagonist
105,Tokoh-14,12,0,8.010186285765235,3.9898137142347747,0.0,Protagonist
105,Tokoh-15,5,0,3.3375776190688478,1.6624223809311562,0.0,Protagonist
105,Tokoh-16,4,0,2.670062095255078,1.329937904744925,0.0,Protagonist
105,Tokoh-17,6,0,4.005093142882617,1.9949068571173874,0.0,Protagonist
105,Tokoh-18,5,0,3.3375776190688478,1.6624223809311562,0.0,Protagonist
105,Tokoh-19,2,0,1.335031047627539,0.6649689523724625,0.0,Protagonist
105,Tokoh-20,2,0,1.335031047627539,0.6649689523724625,0.0,Protagonist
108,Tokoh-1,2,0,1.7331033492424095,0.2668966507575906,0.0,Protagonist
108,Tokoh-2,17,0,13.375319009521563,3.6246809904784403,0.0,protagonist
108,Tokoh-3,5,0,3.908873065735926,1.091126934264075,0.0,Protagonist
108,Tokoh-4,4,0,2.9289190573042263,1.0710809426957748,0.0,Protagonist
108,Tokoh-5,5,0,3.8435947852031918,1.1564052147968094,0.0,Protagonist
108,Tokoh-6,5,0,4.012108499279592,0.9878915007204089,0.0,Protagonist
108,Tokoh-7,1,0,0.8611583722074811,0.1388416277925191,0.0,Protagonist
108,Tokoh-8,5,0,3.8187471544518643,1.1812528455481361,0.0,Protagonist
108,Tokoh-9,1,0,0.8043316258215956,0.1956683741784046,0.0,Protagonist
108,Tokoh-10,6,0,4.860162884219836,1.1398371157801643,0.0,Protagonist
108,Tokoh-11,1,0,0.9366987846304656,0.0633012153695342,0.0,Protagonist
108,Tokoh-12,1,0,0.8937697009654854,0.1062302990345147,0.0,Protagonist
108,Tokoh-13,2,0,1.6572674454868275,0.3427325545131737,0.0,Protagonist
110,Tokoh-1,4,0,3.0730484229532697,0.9269515770467316,0.0,Protagonist
110,Tokoh-2,16,0,10.704031239183356,5.295968760816655,0.0,protagonist
110,Tokoh-3,12,0,8.6440198671807,4.355980132819307,0.0,Protagonist
110,Tokoh-4,0,0,0.6725461483993476,1.3274538516006522,0.0,Antagonist
110,Tokoh-5,3,0,2.4015961691226657,0.598403830877335,0.0,Protagonist
111,Tokoh-1,3,0,2.431406525324129,0.5685934746758711,0.0,Protagonist
111,Tokoh-2,11,0,7.903488696731149,3.096511303268853,0.0,protagonist
111,Tokoh-3,9,0,6.393063111888233,2.606936888111769,0.0,Protagonist
112,Tokoh-1,10,0,7.361502892569982,2.6384971074300205,0.0,Protagonist
112,Tokoh-2,10,0,7.59797954267354,2.4020204573264627,0.0,protagonist
112,Tokoh-3,5,0,4.0654021630970965,2.9345978369029053,0.0,Protagonist
112,Tokoh-4,1,0,0.8191789312478058,1.180821068752195,0.0,Protagonist
112,Tokoh-5,1,0,1.1355271068282875,1.8644728931717132,0.0,Protagonist
112,Tokoh-6,2,0,1.5785700790981938,1.4214299209018073,0.0,Protagonist
112,Tokoh-7,3,0,2.3520981540324724,0.647901845967529,0.0,Protagonist
112,Tokoh-8,1,0,0.6036086721307093,0.3963913278692907,0.0,Protagonist
112,Tokoh-9,1,0,0.8038198197494626,0.1961801802505376,0.0,Protagonist
113,Tokoh-1,13,0,9.728065455397164,4.271934544602843,0.0,protagonist
113,Tokoh-2,1,0,1.4743358694232673,1.5256641305767333,0.0,Protagonist
113,Tokoh-3,1,0,1.4743358694232673,1.5256641305767333,0.0,Protagonist
113,Tokoh-4,1,0,0.8844634483753169,0.1155365516246832,0.0,Protagonist
113,Tokoh-5,1,0,0.8373683649868489,0.1626316350131513,0.0,Protagonist
113,Tokoh-6,4,0,3.1667087427193206,0.8332912572806809,0.0,Protagonist
113,Tokoh-7,1,0,0.9173557840888228,0.0826442159111774,0.0,Protagonist
113,Tokoh-8,2,0,1.335031047627539,0.6649689523724625,0.0,Protagonist
113,Tokoh-10,3,0,2.0025465714413087,0.9974534285586937,0.0,Protagonist
113,Tokoh-11,4,0,2.852478800499637,1.1475211995003658,0.0,Protagonist
113,Tokoh-13,1,0,0.8719529774476973,0.1280470225523029,0.0,Protagonist
114,Tokoh-1,11,0,9.479564669146,7.520435330854006,0.0,protagonist
114,Tokoh-2,0,0,0.1507413000296595,0.8492586999703405,0.0,Antagonist
114,Tokoh-3,11,0,8.363204937624264,5.636795062375741,0.0,Protagonist
114,Tokoh-4,0,0,1.4520485110000547,2.5479514889999457,0.0,Antagonist
114,Tokoh-5,0,0,0.2098581124062271,0.7901418875937728,0.0,Antagonist
114,Tokoh-6,4,0,3.506853829232722,2.4931461707672793,0.0,Protagonist
114,Tokoh-7,0,0,0.2511062328443311,0.7488937671556688,0.0,Antagonist
114,Tokoh-8,2,0,1.430977553432209,0.5690224465677918,0.0,Protagonist
115,Tokoh-1,17,0,12.039093146611744,5.960906853388266,0.4417177914110412,Protagonist
115,Tokoh-2,20,0,13.803948689012955,7.196051310987058,0.0,protagonist
115,Tokoh-3,5,0,3.5613960799341684,1.4386039200658343,0.0,Protagonist
115,Tokoh-4,7,0,4.64443536311376,2.3555646368862435,0.0,Protagonist
115,Tokoh-5,9,0,6.256273003308604,2.743726996691401,0.0,Protagonist
115,Tokoh-6,12,0,8.010186285765235,3.9898137142347747,0.0,Protagonist
115,Tokoh-7,2,0,1.335031047627539,0.6649689523724625,0.0,Protagonist
115,Tokoh-8,3,0,2.0025465714413087,0.9974534285586937,0.0,Protagonist
115,Tokoh-9,5,0,3.3375776190688478,1.6624223809311562,0.0,Protagonist
118,Tokoh-1,14,0,10.126546224133518,4.873453775866491,0.0,protagonist
118,Tokoh-2,4,0,2.670062095255078,1.329937904744925,0.0,Protagonist
118,Tokoh-3,3,0,2.0025465714413087,0.9974534285586937,0.0,Protagonist
118,Tokoh-5,3,0,2.0025465714413087,0.9974534285586937,0.0,Protagonist
118,Tokoh-6,7,0,4.838823578658821,2.161176421341184,0.0,Protagonist
118,Tokoh-8,1,0,0.8281401727310127,0.1718598272689874,0.0,Protagonist
119,Tokoh-1,4,0,3.191299489395278,1.8087005106047225,0.0,Protagonist
119,Tokoh-2,6,0,4.620580246832346,2.3794197531676553,0.0,protagonist
119,Tokoh-3,0,0,0.6240990112793097,1.3759009887206903,0.0,Antagonist
119,Tokoh-4,0,0,0.6240990112793097,1.3759009887206903,0.0,Antagonist
120,Tokoh-1,27,0,20.473582420491663,11.526417579508351,0.0,protagonist
120,Tokoh-2,16,0,13.430481483719456,8.569518516280553,0.0,Protagonist
120,Tokoh-3,12,0,8.422844507779695,3.577155492220311,0.0,Protagonist
120,Tokoh-4,4,0,2.9061522291445505,1.0938477708554517,0.0,Protagonist
120,Tokoh-5,4,0,2.825329888479452,1.1746701115205502,0.0,Protagonist
120,Tokoh-6,3,0,2.0025465714413087,0.9974534285586937,0.0,Protagonist
120,Tokoh-7,5,0,3.3375776190688478,1.6624223809311562,0.0,Protagonist
120,Tokoh-8,7,0,4.672608666696387,2.3273913333036185,0.0,Protagonist
120,Tokoh-9,2,0,1.335031047627539,0.6649689523724625,0.0,Protagonist
120,Tokoh-10,5,0,3.3375776190688478,1.6624223809311562,0.0,Protagonist
120,Tokoh-11,4,0,2.670062095255078,1.329937904744925,0.0,Protagonist
120,Tokoh-12,2,0,1.335031047627539,0.6649689523724625,0.0,Protagonist
120,Tokoh-13,2,0,1.335031047627539,0.6649689523724625,0.0,Protagonist
